"","Stat","Base.Damage","200","205","210","215","220","225","230","235","240","245","250","255","260","265","270","275","280","285","290","295","300"
"50","50",500,250,243,237,231,225,218,212,206,200,193,187,181,175,168,162,156,150,143,137,131,125
"55","55",550,275,268,261,254,247,240,233,226,220,213,206,199,192,185,178,171,165,158,151,144,137
"60","60",600,300,292,285,277,270,262,255,247,240,232,225,217,210,202,195,187,180,172,165,157,150
"65","65",650,325,316,308,300,292,284,276,268,260,251,243,235,227,219,211,203,195,186,178,170,162
"70","70",700,350,341,332,323,314,306,297,288,280,271,262,253,245,236,227,218,210,201,192,183,175
"75","75",750,375,365,356,346,337,328,318,309,300,290,281,271,262,253,243,234,225,215,206,196,187
"80","80",800,400,390,380,370,359,350,340,330,320,309,300,290,280,270,260,250,240,230,220,210,200
"85","85",850,425,414,403,393,382,371,361,350,340,329,318,308,297,286,276,265,255,244,233,223,212
"90","90",900,450,438,427,416,404,393,382,371,360,348,337,326,315,303,292,281,270,258,247,236,225
"95","95",950,475,463,451,439,427,415,403,391,380,368,356,344,332,320,308,296,285,273,261,249,237
"100","100",1000,500,487,475,462,450,437,425,412,400,387,375,362,350,337,325,312,300,287,275,262,250
"105","105",1150,575,560,546,531,517,503,488,474,460,445,431,416,402,388,373,359,345,330,316,301,287
"110","110",1300,650,633,617,601,584,568,552,536,520,503,487,471,455,438,422,406,390,373,357,341,325
"115","115",1450,725,706,688,670,652,634,616,598,580,561,543,525,507,489,471,453,435,416,398,380,362
"120","120",1600,800,780,760,740,719,700,680,660,640,619,600,580,560,540,520,500,480,460,440,420,400
"125","125",1750,875,853,831,809,787,765,743,721,700,678,656,634,612,590,568,546,525,503,481,459,437
"130","130",1900,950,926,902,878,855,831,807,783,760,736,712,688,665,641,617,593,570,546,522,498,475
"135","135",2050,1025,999,973,948,922,896,871,845,820,794,768,743,717,691,666,640,615,589,563,538,512
"140","140",2200,1100,1072,1045,1017,990,962,935,907,880,852,825,797,770,742,715,687,660,632,605,577,550
"145","145",2350,1175,1145,1116,1086,1057,1028,998,969,940,910,881,851,822,793,763,734,705,675,646,616,587
"150","150",2500,1250,1218,1187,1156,1125,1093,1062,1031,1000,968,937,906,875,843,812,781,750,718,687,656,625
"155","155",2650,1325,1291,1258,1225,1192,1159,1126,1093,1060,1026,993,960,927,894,861,828,795,761,728,695,662
"160","160",2800,1400,1365,1330,1295,1259,1225,1190,1155,1120,1084,1050,1015,980,945,909,875,840,805,770,735,700
"165","165",2950,1475,1438,1401,1364,1327,1290,1253,1216,1180,1143,1106,1069,1032,995,958,921,885,848,811,774,737
"170","170",3100,1550,1511,1472,1433,1394,1356,1317,1278,1240,1201,1162,1123,1085,1046,1007,968,930,891,852,813,775
"175","175",3250,1625,1584,1543,1503,1462,1421,1381,1340,1300,1259,1218,1178,1137,1096,1056,1015,975,934,893,853,812
"180","180",3400,1700,1657,1615,1572,1529,1487,1445,1402,1360,1317,1275,1232,1190,1147,1105,1062,1020,977,935,892,850
"185","185",3550,1775,1730,1686,1641,1597,1553,1508,1464,1420,1375,1331,1286,1242,1198,1153,1109,1065,1020,976,931,887
"190","190",3700,1850,1803,1757,1711,1664,1618,1572,1526,1480,1433,1387,1341,1295,1248,1202,1156,1110,1063,1017,971,925
"195","195",3850,1925,1876,1828,1780,1732,1684,1636,1588,1540,1491,1443,1395,1347,1299,1251,1203,1155,1106,1058,1010,962
"200","200",4000,2000,1950,1900,1850,1800,1750,1700,1650,1600,1550,1500,1450,1400,1350,1300,1250,1200,1150,1100,1050,1000
"205","205",4300,2150,2096,2042,1988,1935,1881,1827,1773,1720,1666,1612,1558,1505,1451,1397,1343,1290,1236,1182,1128,1075
"210","210",4600,2300,2242,2185,2127,2070,2012,1955,1897,1840,1782,1725,1667,1610,1552,1495,1437,1380,1322,1265,1207,1150
"215","215",4900,2450,2388,2327,2266,2205,2143,2082,2021,1960,1898,1837,1776,1715,1653,1592,1531,1470,1408,1347,1286,1225
"220","220",5200,2600,2535,2470,2405,2339,2275,2210,2145,2080,2014,1950,1885,1820,1755,1689,1625,1560,1495,1430,1364,1300
"225","225",5500,2750,2681,2612,2543,2474,2406,2337,2268,2200,2131,2062,1993,1925,1856,1787,1718,1650,1581,1512,1443,1375
"230","230",5800,2900,2827,2755,2682,2609,2537,2465,2392,2320,2247,2175,2102,2030,1957,1884,1812,1740,1667,1595,1522,1450
"235","235",6100,3050,2973,2897,2821,2744,2668,2592,2516,2440,2363,2287,2211,2135,2058,1982,1906,1830,1753,1677,1601,1525
"240","240",6400,3200,3120,3040,2960,2879,2800,2720,2640,2560,2479,2400,2320,2240,2160,2080,2000,1920,1840,1760,1680,1600
"245","245",6700,3350,3266,3182,3098,3014,2931,2847,2763,2680,2596,2512,2428,2345,2261,2177,2093,2010,1926,1842,1758,1675
"250","250",7000,3500,3412,3325,3237,3149,3062,2975,2887,2800,2712,2625,2537,2450,2362,2275,2187,2100,2012,1925,1837,1750
"255","255",7300,3650,3558,3467,3376,3284,3193,3102,3011,2920,2828,2737,2646,2555,2463,2372,2281,2190,2098,2007,1916,1825
"260","260",7600,3800,3705,3610,3515,3420,3325,3230,3135,3040,2945,2850,2755,2660,2565,2470,2375,2280,2185,2090,1995,1900
"265","265",7900,3950,3851,3752,3653,3555,3456,3357,3258,3160,3061,2962,2863,2765,2666,2567,2468,2370,2271,2172,2073,1975
"270","270",8200,4100,3997,3895,3792,3690,3587,3485,3382,3280,3177,3075,2972,2870,2767,2665,2562,2460,2357,2255,2152,2050
"275","275",8500,4250,4143,4037,3931,3825,3718,3612,3506,3400,3293,3187,3081,2975,2868,2762,2656,2550,2443,2337,2231,2125
"280","280",8800,4400,4290,4180,4070,3960,3850,3740,3630,3520,3410,3300,3190,3080,2970,2860,2750,2640,2530,2420,2310,2200
"285","285",9100,4550,4436,4322,4208,4095,3981,3867,3753,3640,3526,3412,3298,3185,3071,2957,2843,2730,2616,2502,2388,2275
"290","290",9400,4700,4582,4465,4347,4230,4112,3995,3877,3760,3642,3525,3407,3290,3172,3055,2937,2820,2702,2585,2467,2350
"295","295",9700,4850,4728,4607,4486,4365,4243,4122,4001,3880,3758,3637,3516,3395,3273,3152,3031,2910,2788,2667,2546,2425
"300","300",10000,5000,4875,4750,4625,4500,4375,4250,4125,4000,3875,3750,3625,3500,3375,3250,3125,3000,2875,2750,2625,2500
